Instance ,Optimum
N1c1w1_a.txt ,25
N1c1w1_b.txt ,31
N1c1w1_c.txt ,20
N1c1w1_d.txt ,28
N1c1w1_e.txt ,26
N1c1w1_f.txt ,27
N1c1w1_g.txt ,25
N1c1w1_h.txt ,31
N1c1w1_i.txt ,25
N1c1w1_j.txt ,26
N1c1w1_k.txt ,26
N1c1w1_l.txt ,33
N1c1w1_m.txt ,30
N1c1w1_n.txt ,25
N1c1w1_o.txt ,32
N1c1w1_p.txt ,26
N1c1w1_q.txt ,28
N1c1w1_r.txt ,25
N1c1w1_s.txt ,28
N1c1w1_t.txt ,28
N1c1w2_a.txt ,29
N1c1w2_b.txt ,30
N1c1w2_c.txt ,33
N1c1w2_d.txt ,31
N1c1w2_e.txt ,36
N1c1w2_f.txt ,30
N1c1w2_g.txt ,30
N1c1w2_h.txt ,33
N1c1w2_i.txt ,35
N1c1w2_j.txt ,34
N1c1w2_k.txt ,35
N1c1w2_l.txt ,31
N1c1w2_m.txt ,30
N1c1w2_n.txt ,33
N1c1w2_o.txt ,29
N1c1w2_p.txt ,33
N1c1w2_q.txt ,36
N1c1w2_r.txt ,34
N1c1w2_s.txt ,37
N1c1w2_t.txt ,38
N1c1w4_a.txt ,35
N1c1w4_b.txt ,40
N1c1w4_c.txt ,36
N1c1w4_d.txt ,38
N1c1w4_e.txt ,38
N1c1w4_f.txt ,32
N1c1w4_g.txt ,37
N1c1w4_h.txt ,40
N1c1w4_i.txt ,35
N1c1w4_j.txt ,37
N1c1w4_k.txt ,41
N1c1w4_l.txt ,35
N1c1w4_m.txt ,41
N1c1w4_n.txt ,39
N1c1w4_o.txt ,34
N1c1w4_p.txt ,38
N1c1w4_q.txt ,34
N1c1w4_r.txt ,38
N1c1w4_s.txt ,36
N1c1w4_t.txt ,42
N1c2w1_a.txt ,21
N1c2w1_b.txt ,26
N1c2w1_c.txt ,23
N1c2w1_d.txt ,21
N1c2w1_e.txt ,17
N1c2w1_f.txt ,22
N1c2w1_g.txt ,21
N1c2w1_h.txt ,23
N1c2w1_i.txt ,27
N1c2w1_j.txt ,27
N1c2w1_k.txt ,24
N1c2w1_l.txt ,25
N1c2w1_m.txt ,26
N1c2w1_n.txt ,21
N1c2w1_o.txt ,15
N1c2w1_p.txt ,21
N1c2w1_q.txt ,24
N1c2w1_r.txt ,23
N1c2w1_s.txt ,22
N1c2w1_t.txt ,22
N1c2w2_a.txt ,24
N1c2w2_b.txt ,27
N1c2w2_c.txt ,29
N1c2w2_d.txt ,24
N1c2w2_e.txt ,33
N1c2w2_f.txt ,26
N1c2w2_g.txt ,29
N1c2w2_h.txt ,23
N1c2w2_i.txt ,25
N1c2w2_j.txt ,25
N1c2w2_k.txt ,29
N1c2w2_l.txt ,30
N1c2w2_m.txt ,30
N1c2w2_n.txt ,26
N1c2w2_o.txt ,29
N1c2w2_p.txt ,23
N1c2w2_q.txt ,30
N1c2w2_r.txt ,25
N1c2w2_s.txt ,24
N1c2w2_t.txt ,26
N1c2w4_a.txt ,29
N1c2w4_b.txt ,32
N1c2w4_c.txt ,30
N1c2w4_d.txt ,28
N1c2w4_e.txt ,30
N1c2w4_f.txt ,32
N1c2w4_g.txt ,30
N1c2w4_h.txt ,30
N1c2w4_i.txt ,35
N1c2w4_j.txt ,30
N1c2w4_k.txt ,32
N1c2w4_l.txt ,31
N1c2w4_m.txt ,31
N1c2w4_n.txt ,32
N1c2w4_o.txt ,30
N1c2w4_p.txt ,28
N1c2w4_q.txt ,33
N1c2w4_r.txt ,35
N1c2w4_s.txt ,38
N1c2w4_t.txt ,29
N1c3w1_a.txt ,16
N1c3w1_b.txt ,16
N1c3w1_c.txt ,17
N1c3w1_d.txt ,19
N1c3w1_e.txt ,16
N1c3w1_f.txt ,20
N1c3w1_g.txt ,15
N1c3w1_h.txt ,19
N1c3w1_i.txt ,17
N1c3w1_j.txt ,16
N1c3w1_k.txt ,17
N1c3w1_l.txt ,17
N1c3w1_m.txt ,17
N1c3w1_n.txt ,20
N1c3w1_o.txt ,16
N1c3w1_p.txt ,19
N1c3w1_q.txt ,20
N1c3w1_r.txt ,21
N1c3w1_s.txt ,16
N1c3w1_t.txt ,18
N1c3w2_a.txt ,19
N1c3w2_b.txt ,20
N1c3w2_c.txt ,22
N1c3w2_d.txt ,20
N1c3w2_e.txt ,21
N1c3w2_f.txt ,23
N1c3w2_g.txt ,23
N1c3w2_h.txt ,23
N1c3w2_i.txt ,19
N1c3w2_j.txt ,22
N1c3w2_k.txt ,21
N1c3w2_l.txt ,21
N1c3w2_m.txt ,21
N1c3w2_n.txt ,22
N1c3w2_o.txt ,21
N1c3w2_p.txt ,18
N1c3w2_q.txt ,19
N1c3w2_r.txt ,19
N1c3w2_s.txt ,21
N1c3w2_t.txt ,22
N1c3w4_a.txt ,21
N1c3w4_b.txt ,22
N1c3w4_c.txt ,24
N1c3w4_d.txt ,21
N1c3w4_e.txt ,23
N1c3w4_f.txt ,21
N1c3w4_g.txt ,23
N1c3w4_h.txt ,23
N1c3w4_i.txt ,23
N1c3w4_j.txt ,22
N1c3w4_k.txt ,24
N1c3w4_l.txt ,20
N1c3w4_m.txt ,21
N1c3w4_n.txt ,21
N1c3w4_o.txt ,22
N1c3w4_p.txt ,25
N1c3w4_q.txt ,25
N1c3w4_r.txt ,22
N1c3w4_s.txt ,22
N1c3w4_t.txt ,24
N2c1w1_a.txt ,48
N2c1w1_b.txt ,49
N2c1w1_c.txt ,46
N2c1w1_d.txt ,50
N2c1w1_e.txt ,58
N2c1w1_f.txt ,50
N2c1w1_g.txt ,60
N2c1w1_h.txt ,52
N2c1w1_i.txt ,62
N2c1w1_j.txt ,59
N2c1w1_k.txt ,55
N2c1w1_l.txt ,55
N2c1w1_m.txt ,46
N2c1w1_n.txt ,48
N2c1w1_o.txt ,48
N2c1w1_p.txt ,54
N2c1w1_q.txt ,46
N2c1w1_r.txt ,56
N2c1w1_s.txt ,45
N2c1w1_t.txt ,52
N2c1w2_a.txt ,64
N2c1w2_b.txt ,61
N2c1w2_c.txt ,68
N2c1w2_d.txt ,74
N2c1w2_e.txt ,65
N2c1w2_f.txt ,65
N2c1w2_g.txt ,73
N2c1w2_h.txt ,70
N2c1w2_i.txt ,67
N2c1w2_j.txt ,67
N2c1w2_k.txt ,72
N2c1w2_l.txt ,62
N2c1w2_m.txt ,65
N2c1w2_n.txt ,64
N2c1w2_o.txt ,64
N2c1w2_p.txt ,68
N2c1w2_q.txt ,65
N2c1w2_r.txt ,67
N2c1w2_s.txt ,66
N2c1w2_t.txt ,66
N2c1w4_a.txt ,73
N2c1w4_b.txt ,71
N2c1w4_c.txt ,77
N2c1w4_d.txt ,82
N2c1w4_e.txt ,73
N2c1w4_f.txt ,77
N2c1w4_g.txt ,71
N2c1w4_h.txt ,75
N2c1w4_i.txt ,73
N2c1w4_j.txt ,74
N2c1w4_k.txt ,70
N2c1w4_l.txt ,75
N2c1w4_m.txt ,72
N2c1w4_n.txt ,71
N2c1w4_o.txt ,80
N2c1w4_p.txt ,67
N2c1w4_q.txt ,75
N2c1w4_r.txt ,70
N2c1w4_s.txt ,80
N2c1w4_t.txt ,70
N2c2w1_a.txt ,42
N2c2w1_b.txt ,50
N2c2w1_c.txt ,40
N2c2w1_d.txt ,42
N2c2w1_e.txt ,40
N2c2w1_f.txt ,49
N2c2w1_g.txt ,45
N2c2w1_h.txt ,46
N2c2w1_i.txt ,45
N2c2w1_j.txt ,42
N2c2w1_k.txt ,41
N2c2w1_l.txt ,49
N2c2w1_m.txt ,44
N2c2w1_n.txt ,43
N2c2w1_o.txt ,50
N2c2w1_p.txt ,46
N2c2w1_q.txt ,49
N2c2w1_r.txt ,41
N2c2w1_s.txt ,43
N2c2w1_t.txt ,39
N2c2w2_a.txt ,52
N2c2w2_b.txt ,56
N2c2w2_c.txt ,53
N2c2w2_d.txt ,51
N2c2w2_e.txt ,54
N2c2w2_f.txt ,48
N2c2w2_g.txt ,53
N2c2w2_h.txt ,53
N2c2w2_i.txt ,49
N2c2w2_j.txt ,56
N2c2w2_k.txt ,50
N2c2w2_l.txt ,52
N2c2w2_m.txt ,54
N2c2w2_n.txt ,51
N2c2w2_o.txt ,50
N2c2w2_p.txt ,50
N2c2w2_q.txt ,54
N2c2w2_r.txt ,51
N2c2w2_s.txt ,58
N2c2w2_t.txt ,56
N2c2w4_a.txt ,57
N2c2w4_b.txt ,60
N2c2w4_c.txt ,65
N2c2w4_d.txt ,61
N2c2w4_e.txt ,60
N2c2w4_f.txt ,57
N2c2w4_g.txt ,61
N2c2w4_h.txt ,61
N2c2w4_i.txt ,58
N2c2w4_j.txt ,60
N2c2w4_k.txt ,59
N2c2w4_l.txt ,57
N2c2w4_m.txt ,60
N2c2w4_n.txt ,63
N2c2w4_o.txt ,62
N2c2w4_p.txt ,60
N2c2w4_q.txt ,62
N2c2w4_r.txt ,56
N2c2w4_s.txt ,55
N2c2w4_t.txt ,57
N2c3w1_a.txt ,35
N2c3w1_b.txt ,35
N2c3w1_c.txt ,35
N2c3w1_d.txt ,37
N2c3w1_e.txt ,34
N2c3w1_f.txt ,35
N2c3w1_g.txt ,33
N2c3w1_h.txt ,35
N2c3w1_i.txt ,34
N2c3w1_j.txt ,33
N2c3w1_k.txt ,36
N2c3w1_l.txt ,35
N2c3w1_m.txt ,31
N2c3w1_n.txt ,32
N2c3w1_o.txt ,35
N2c3w1_p.txt ,35
N2c3w1_q.txt ,34
N2c3w1_r.txt ,33
N2c3w1_s.txt ,36
N2c3w1_t.txt ,35
N2c3w2_a.txt ,41
N2c3w2_b.txt ,43
N2c3w2_c.txt ,41
N2c3w2_d.txt ,41
N2c3w2_e.txt ,39
N2c3w2_f.txt ,39
N2c3w2_g.txt ,41
N2c3w2_h.txt ,38
N2c3w2_i.txt ,44
N2c3w2_j.txt ,43
N2c3w2_k.txt ,42
N2c3w2_l.txt ,41
N2c3w2_m.txt ,43
N2c3w2_n.txt ,41
N2c3w2_o.txt ,45
N2c3w2_p.txt ,41
N2c3w2_q.txt ,41
N2c3w2_r.txt ,40
N2c3w2_s.txt ,43
N2c3w2_t.txt ,43
N2c3w4_a.txt ,43
N2c3w4_b.txt ,45
N2c3w4_c.txt ,42
N2c3w4_d.txt ,44
N2c3w4_e.txt ,47
N2c3w4_f.txt ,45
N2c3w4_g.txt ,44
N2c3w4_h.txt ,44
N2c3w4_i.txt ,44
N2c3w4_j.txt ,43
N2c3w4_k.txt ,47
N2c3w4_l.txt ,45
N2c3w4_m.txt ,44
N2c3w4_n.txt ,45
N2c3w4_o.txt ,45
N2c3w4_p.txt ,45
N2c3w4_q.txt ,46
N2c3w4_r.txt ,42
N2c3w4_s.txt ,42
N2c3w4_t.txt ,46
N3c1w1_a.txt ,105
N3c1w1_b.txt ,114
N3c1w1_c.txt ,99
N3c1w1_d.txt ,108
N3c1w1_e.txt ,98
N3c1w1_f.txt ,113
N3c1w1_g.txt ,111
N3c1w1_h.txt ,104
N3c1w1_i.txt ,100
N3c1w1_j.txt ,108
N3c1w1_k.txt ,102
N3c1w1_l.txt ,97
N3c1w1_m.txt ,106
N3c1w1_n.txt ,93
N3c1w1_o.txt ,98
N3c1w1_p.txt ,108
N3c1w1_q.txt ,98
N3c1w1_r.txt ,99
N3c1w1_s.txt ,100
N3c1w1_t.txt ,102
N3c1w2_a.txt ,125
N3c1w2_b.txt ,126
N3c1w2_c.txt ,125
N3c1w2_d.txt ,139
N3c1w2_e.txt ,132
N3c1w2_f.txt ,123
N3c1w2_g.txt ,132
N3c1w2_h.txt ,129
N3c1w2_i.txt ,126
N3c1w2_j.txt ,126
N3c1w2_k.txt ,120
N3c1w2_l.txt ,136
N3c1w2_m.txt ,136
N3c1w2_n.txt ,136
N3c1w2_o.txt ,127
N3c1w2_p.txt ,126
N3c1w2_q.txt ,135
N3c1w2_r.txt ,123
N3c1w2_s.txt ,130
N3c1w2_t.txt ,136
N3c1w4_a.txt ,149
N3c1w4_b.txt ,149
N3c1w4_c.txt ,146
N3c1w4_d.txt ,148
N3c1w4_e.txt ,142
N3c1w4_f.txt ,140
N3c1w4_g.txt ,148
N3c1w4_h.txt ,141
N3c1w4_i.txt ,140
N3c1w4_j.txt ,142
N3c1w4_k.txt ,147
N3c1w4_l.txt ,148
N3c1w4_m.txt ,149
N3c1w4_n.txt ,148
N3c1w4_o.txt ,143
N3c1w4_p.txt ,143
N3c1w4_q.txt ,146
N3c1w4_r.txt ,145
N3c1w4_s.txt ,145
N3c1w4_t.txt ,146
N3c2w1_a.txt ,91
N3c2w1_b.txt ,82
N3c2w1_c.txt ,84
N3c2w1_d.txt ,85
N3c2w1_e.txt ,87
N3c2w1_f.txt ,88
N3c2w1_g.txt ,87
N3c2w1_h.txt ,87
N3c2w1_i.txt ,87
N3c2w1_j.txt ,87
N3c2w1_k.txt ,77
N3c2w1_l.txt ,91
N3c2w1_m.txt ,85
N3c2w1_n.txt ,91
N3c2w1_o.txt ,82
N3c2w1_p.txt ,88
N3c2w1_q.txt ,82
N3c2w1_r.txt ,82
N3c2w1_s.txt ,89
N3c2w1_t.txt ,83
N3c2w2_a.txt ,107
N3c2w2_b.txt ,105
N3c2w2_c.txt ,104
N3c2w2_d.txt ,107
N3c2w2_e.txt ,116
N3c2w2_f.txt ,106
N3c2w2_g.txt ,102
N3c2w2_h.txt ,117
N3c2w2_i.txt ,102
N3c2w2_j.txt ,107
N3c2w2_k.txt ,110
N3c2w2_l.txt ,105
N3c2w2_m.txt ,108
N3c2w2_n.txt ,105
N3c2w2_o.txt ,107
N3c2w2_p.txt ,107
N3c2w2_q.txt ,105
N3c2w2_r.txt ,110
N3c2w2_s.txt ,107
N3c2w2_t.txt ,107
N3c2w4_a.txt ,113
N3c2w4_b.txt ,112
N3c2w4_c.txt ,132
N3c2w4_d.txt ,114
N3c2w4_e.txt ,110
N3c2w4_f.txt ,115
N3c2w4_g.txt ,122
N3c2w4_h.txt ,113
N3c2w4_i.txt ,115
N3c2w4_j.txt ,120
N3c2w4_k.txt ,117
N3c2w4_l.txt ,116
N3c2w4_m.txt ,120
N3c2w4_n.txt ,117
N3c2w4_o.txt ,113
N3c2w4_p.txt ,122
N3c2w4_q.txt ,118
N3c2w4_r.txt ,123
N3c2w4_s.txt ,118
N3c2w4_t.txt ,119
N3c3w1_a.txt ,66
N3c3w1_b.txt ,71
N3c3w1_c.txt ,69
N3c3w1_d.txt ,63
N3c3w1_e.txt ,68
N3c3w1_f.txt ,69
N3c3w1_g.txt ,65
N3c3w1_h.txt ,69
N3c3w1_i.txt ,68
N3c3w1_j.txt ,65
N3c3w1_k.txt ,63
N3c3w1_l.txt ,68
N3c3w1_m.txt ,71
N3c3w1_n.txt ,69
N3c3w1_o.txt ,66
N3c3w1_p.txt ,72
N3c3w1_q.txt ,73
N3c3w1_r.txt ,66
N3c3w1_s.txt ,68
N3c3w1_t.txt ,70
N3c3w2_a.txt ,84
N3c3w2_b.txt ,81
N3c3w2_c.txt ,82
N3c3w2_d.txt ,79
N3c3w2_e.txt ,79
N3c3w2_f.txt ,81
N3c3w2_g.txt ,81
N3c3w2_h.txt ,82
N3c3w2_i.txt ,79
N3c3w2_j.txt ,83
N3c3w2_k.txt ,83
N3c3w2_l.txt ,82
N3c3w2_m.txt ,83
N3c3w2_n.txt ,77
N3c3w2_o.txt ,82
N3c3w2_p.txt ,80
N3c3w2_q.txt ,76
N3c3w2_r.txt ,79
N3c3w2_s.txt ,80
N3c3w2_t.txt ,79
N3c3w4_a.txt ,89
N3c3w4_b.txt ,88
N3c3w4_c.txt ,88
N3c3w4_d.txt ,87
N3c3w4_e.txt ,85
N3c3w4_f.txt ,84
N3c3w4_g.txt ,94
N3c3w4_h.txt ,84
N3c3w4_i.txt ,92
N3c3w4_j.txt ,88
N3c3w4_k.txt ,89
N3c3w4_l.txt ,90
N3c3w4_m.txt ,88
N3c3w4_n.txt ,87
N3c3w4_o.txt ,87
N3c3w4_p.txt ,86
N3c3w4_q.txt ,87
N3c3w4_r.txt ,87
N3c3w4_s.txt ,84
N3c3w4_t.txt ,85
N4c1w1_a.txt ,240
N4c1w1_b.txt ,262
N4c1w1_c.txt ,241
N4c1w1_d.txt ,246
N4c1w1_e.txt ,272
N4c1w1_f.txt ,265
N4c1w1_g.txt ,259
N4c1w1_h.txt ,251
N4c1w1_i.txt ,262
N4c1w1_j.txt ,288
N4c1w1_k.txt ,253
N4c1w1_l.txt ,258
N4c1w1_m.txt ,246
N4c1w1_n.txt ,256
N4c1w1_o.txt ,258
N4c1w1_p.txt ,271
N4c1w1_q.txt ,277
N4c1w1_r.txt ,254
N4c1w1_s.txt ,261
N4c1w1_t.txt ,256
N4c1w2_a.txt ,317
N4c1w2_b.txt ,328
N4c1w2_c.txt ,319
N4c1w2_d.txt ,327
N4c1w2_e.txt ,310
N4c1w2_f.txt ,321
N4c1w2_g.txt ,307
N4c1w2_h.txt ,315
N4c1w2_i.txt ,304
N4c1w2_j.txt ,311
N4c1w2_k.txt ,311
N4c1w2_l.txt ,316
N4c1w2_m.txt ,330
N4c1w2_n.txt ,311
N4c1w2_o.txt ,319
N4c1w2_p.txt ,317
N4c1w2_q.txt ,319
N4c1w2_r.txt ,319
N4c1w2_s.txt ,312
N4c1w2_t.txt ,323
N4c1w4_a.txt ,368
N4c1w4_b.txt ,349
N4c1w4_c.txt ,365
N4c1w4_d.txt ,359
N4c1w4_e.txt ,373
N4c1w4_f.txt ,369
N4c1w4_g.txt ,362
N4c1w4_h.txt ,359
N4c1w4_i.txt ,359
N4c1w4_j.txt ,368
N4c1w4_k.txt ,371
N4c1w4_l.txt ,355
N4c1w4_m.txt ,360
N4c1w4_n.txt ,363
N4c1w4_o.txt ,351
N4c1w4_p.txt ,363
N4c1w4_q.txt ,359
N4c1w4_r.txt ,370
N4c1w4_s.txt ,359
N4c1w4_t.txt ,355
N4c2w1_a.txt ,210
N4c2w1_b.txt ,213
N4c2w1_c.txt ,213
N4c2w1_d.txt ,200
N4c2w1_e.txt ,215
N4c2w1_f.txt ,203
N4c2w1_g.txt ,211
N4c2w1_h.txt ,215
N4c2w1_i.txt ,209
N4c2w1_j.txt ,202
N4c2w1_k.txt ,210
N4c2w1_l.txt ,209
N4c2w1_m.txt ,217
N4c2w1_n.txt ,210
N4c2w1_o.txt ,212
N4c2w1_p.txt ,212
N4c2w1_q.txt ,210
N4c2w1_r.txt ,212
N4c2w1_s.txt ,210
N4c2w1_t.txt ,212
N4c2w2_a.txt ,253
N4c2w2_b.txt ,254
N4c2w2_c.txt ,249
N4c2w2_d.txt ,258
N4c2w2_e.txt ,257
N4c2w2_f.txt ,272
N4c2w2_g.txt ,252
N4c2w2_h.txt ,255
N4c2w2_i.txt ,262
N4c2w2_j.txt ,256
N4c2w2_k.txt ,259
N4c2w2_l.txt ,263
N4c2w2_m.txt ,261
N4c2w2_n.txt ,264
N4c2w2_o.txt ,253
N4c2w2_p.txt ,266
N4c2w2_q.txt ,257
N4c2w2_r.txt ,256
N4c2w2_s.txt ,273
N4c2w2_t.txt ,256
N4c2w4_a.txt ,293
N4c2w4_b.txt ,281
N4c2w4_c.txt ,295
N4c2w4_d.txt ,295
N4c2w4_e.txt ,287
N4c2w4_f.txt ,304
N4c2w4_g.txt ,291
N4c2w4_h.txt ,296
N4c2w4_i.txt ,287
N4c2w4_j.txt ,300
N4c2w4_k.txt ,289
N4c2w4_l.txt ,297
N4c2w4_m.txt ,287
N4c2w4_n.txt ,299
N4c2w4_o.txt ,293
N4c2w4_p.txt ,301
N4c2w4_q.txt ,293
N4c2w4_r.txt ,300
N4c2w4_s.txt ,293
N4c2w4_t.txt ,287
N4c3w1_a.txt ,164
N4c3w1_b.txt ,165
N4c3w1_c.txt ,166
N4c3w1_d.txt ,158
N4c3w1_e.txt ,165
N4c3w1_f.txt ,164
N4c3w1_g.txt ,169
N4c3w1_h.txt ,170
N4c3w1_i.txt ,167
N4c3w1_j.txt ,169
N4c3w1_k.txt ,164
N4c3w1_l.txt ,163
N4c3w1_m.txt ,167
N4c3w1_n.txt ,176
N4c3w1_o.txt ,169
N4c3w1_p.txt ,167
N4c3w1_q.txt ,176
N4c3w1_r.txt ,167
N4c3w1_s.txt ,168
N4c3w1_t.txt ,173
N4c3w2_a.txt ,203
N4c3w2_b.txt ,203
N4c3w2_c.txt ,201
N4c3w2_d.txt ,201
N4c3w2_e.txt ,200
N4c3w2_f.txt ,209
N4c3w2_g.txt ,201
N4c3w2_h.txt ,201
N4c3w2_i.txt ,198
N4c3w2_j.txt ,204
N4c3w2_k.txt ,204
N4c3w2_l.txt ,201
N4c3w2_m.txt ,198
N4c3w2_n.txt ,198
N4c3w2_o.txt ,209
N4c3w2_p.txt ,202
N4c3w2_q.txt ,199
N4c3w2_r.txt ,194
N4c3w2_s.txt ,196
N4c3w2_t.txt ,195
N4c3w4_a.txt ,216
N4c3w4_b.txt ,215
N4c3w4_c.txt ,218
N4c3w4_d.txt ,215
N4c3w4_e.txt ,219
N4c3w4_f.txt ,222
N4c3w4_g.txt ,222
N4c3w4_h.txt ,219
N4c3w4_i.txt ,224
N4c3w4_j.txt ,213
N4c3w4_k.txt ,215
N4c3w4_l.txt ,219
N4c3w4_m.txt ,216
N4c3w4_n.txt ,225
N4c3w4_o.txt ,226
N4c3w4_p.txt ,219
N4c3w4_q.txt ,222
N4c3w4_r.txt ,214
N4c3w4_s.txt ,216
N4c3w4_t.txt ,216
N1w1b1r0.txt ,18
N1w1b1r1.txt ,18
N1w1b1r2.txt ,19
N1w1b1r3.txt ,18
N1w1b1r4.txt ,17
N1w1b1r5.txt ,17
N1w1b1r6.txt ,17
N1w1b1r7.txt ,17
N1w1b1r8.txt ,18
N1w1b1r9.txt ,17
N1w1b2r0.txt ,17
N1w1b2r1.txt ,17
N1w1b2r2.txt ,17
N1w1b2r3.txt ,16
N1w1b2r4.txt ,17
N1w1b2r5.txt ,17
N1w1b2r6.txt ,17
N1w1b2r7.txt ,18
N1w1b2r8.txt ,16
N1w1b2r9.txt ,18
N1w1b3r0.txt ,17
N1w1b3r1.txt ,17
N1w1b3r2.txt ,15
N1w1b3r3.txt ,16
N1w1b3r4.txt ,19
N1w1b3r5.txt ,16
N1w1b3r6.txt ,16
N1w1b3r7.txt ,18
N1w1b3r8.txt ,16
N1w1b3r9.txt ,17
N1w2b1r0.txt ,11
N1w2b1r1.txt ,11
N1w2b1r2.txt ,11
N1w2b1r3.txt ,11
N1w2b1r4.txt ,11
N1w2b1r5.txt ,10
N1w2b1r6.txt ,11
N1w2b1r7.txt ,11
N1w2b1r8.txt ,10
N1w2b1r9.txt ,11
N1w2b2r0.txt ,10
N1w2b2r1.txt ,11
N1w2b2r2.txt ,10
N1w2b2r3.txt ,11
N1w2b2r4.txt ,10
N1w2b2r5.txt ,10
N1w2b2r6.txt ,10
N1w2b2r7.txt ,10
N1w2b2r8.txt ,11
N1w2b2r9.txt ,11
N1w2b3r0.txt ,10
N1w2b3r1.txt ,11
N1w2b3r2.txt ,10
N1w2b3r3.txt ,11
N1w2b3r4.txt ,10
N1w2b3r5.txt ,10
N1w2b3r6.txt ,11
N1w2b3r7.txt ,10
N1w2b3r8.txt ,11
N1w2b3r9.txt ,10
N1w3b1r0.txt ,7
N1w3b1r1.txt ,8
N1w3b1r2.txt ,7
N1w3b1r3.txt ,8
N1w3b1r4.txt ,8
N1w3b1r5.txt ,8
N1w3b1r6.txt ,8
N1w3b1r7.txt ,8
N1w3b1r8.txt ,7
N1w3b1r9.txt ,8
N1w3b2r0.txt ,8
N1w3b2r1.txt ,8
N1w3b2r2.txt ,8
N1w3b2r3.txt ,7
N1w3b2r4.txt ,7
N1w3b2r5.txt ,7
N1w3b2r6.txt ,8
N1w3b2r7.txt ,8
N1w3b2r8.txt ,8
N1w3b2r9.txt ,8
N1w3b3r0.txt ,7
N1w3b3r1.txt ,8
N1w3b3r2.txt ,7
N1w3b3r3.txt ,8
N1w3b3r4.txt ,8
N1w3b3r5.txt ,7
N1w3b3r6.txt ,7
N1w3b3r7.txt ,8
N1w3b3r8.txt ,7
N1w3b3r9.txt ,7
N1w4b1r0.txt ,6
N1w4b1r1.txt ,6
N1w4b1r2.txt ,6
N1w4b1r3.txt ,6
N1w4b1r4.txt ,6
N1w4b1r5.txt ,6
N1w4b1r6.txt ,6
N1w4b1r7.txt ,6
N1w4b1r8.txt ,6
N1w4b1r9.txt ,6
N1w4b2r0.txt ,6
N1w4b2r1.txt ,6
N1w4b2r2.txt ,6
N1w4b2r3.txt ,6
N1w4b2r4.txt ,6
N1w4b2r5.txt ,6
N1w4b2r6.txt ,6
N1w4b2r7.txt ,6
N1w4b2r8.txt ,6
N1w4b2r9.txt ,6
N1w4b3r0.txt ,6
N1w4b3r1.txt ,6
N1w4b3r2.txt ,7
N1w4b3r3.txt ,6
N1w4b3r4.txt ,6
N1w4b3r5.txt ,7
N1w4b3r6.txt ,6
N1w4b3r7.txt ,6
N1w4b3r8.txt ,6
N1w4b3r9.txt ,6
N2w1b1r0.txt ,34
N2w1b1r1.txt ,34
N2w1b1r2.txt ,34
N2w1b1r3.txt ,34
N2w1b1r4.txt ,34
N2w1b1r5.txt ,34
N2w1b1r6.txt ,34
N2w1b1r7.txt ,34
N2w1b1r8.txt ,34
N2w1b1r9.txt ,34
N2w1b2r0.txt ,36
N2w1b2r1.txt ,33
N2w1b2r2.txt ,35
N2w1b2r3.txt ,35
N2w1b2r4.txt ,33
N2w1b2r5.txt ,34
N2w1b2r6.txt ,35
N2w1b2r7.txt ,33
N2w1b2r8.txt ,34
N2w1b2r9.txt ,33
N2w1b3r0.txt ,35
N2w1b3r1.txt ,32
N2w1b3r2.txt ,35
N2w1b3r3.txt ,33
N2w1b3r4.txt ,34
N2w1b3r5.txt ,34
N2w1b3r6.txt ,31
N2w1b3r7.txt ,30
N2w1b3r8.txt ,34
N2w1b3r9.txt ,29
N2w2b1r0.txt ,20
N2w2b1r1.txt ,20
N2w2b1r2.txt ,21
N2w2b1r3.txt ,21
N2w2b1r4.txt ,21
N2w2b1r5.txt ,21
N2w2b1r6.txt ,21
N2w2b1r7.txt ,21
N2w2b1r8.txt ,21
N2w2b1r9.txt ,20
N2w2b2r0.txt ,21
N2w2b2r1.txt ,21
N2w2b2r2.txt ,21
N2w2b2r3.txt ,22
N2w2b2r4.txt ,22
N2w2b2r5.txt ,20
N2w2b2r6.txt ,21
N2w2b2r7.txt ,20
N2w2b2r8.txt ,21
N2w2b2r9.txt ,20
N2w2b3r0.txt ,21
N2w2b3r1.txt ,20
N2w2b3r2.txt ,21
N2w2b3r3.txt ,19
N2w2b3r4.txt ,21
N2w2b3r5.txt ,21
N2w2b3r6.txt ,20
N2w2b3r7.txt ,21
N2w2b3r8.txt ,20
N2w2b3r9.txt ,20
N2w3b1r0.txt ,15
N2w3b1r1.txt ,15
N2w3b1r2.txt ,15
N2w3b1r3.txt ,14
N2w3b1r4.txt ,15
N2w3b1r5.txt ,15
N2w3b1r6.txt ,15
N2w3b1r7.txt ,14
N2w3b1r8.txt ,15
N2w3b1r9.txt ,15
N2w3b2r0.txt ,15
N2w3b2r1.txt ,14
N2w3b2r2.txt ,15
N2w3b2r3.txt ,15
N2w3b2r4.txt ,15
N2w3b2r5.txt ,14
N2w3b2r6.txt ,14
N2w3b2r7.txt ,15
N2w3b2r8.txt ,14
N2w3b2r9.txt ,15
N2w3b3r0.txt ,15
N2w3b3r1.txt ,13
N2w3b3r2.txt ,14
N2w3b3r3.txt ,14
N2w3b3r4.txt ,15
N2w3b3r5.txt ,15
N2w3b3r6.txt ,15
N2w3b3r7.txt ,13
N2w3b3r8.txt ,15
N2w3b3r9.txt ,14
N2w4b1r0.txt ,12
N2w4b1r1.txt ,12
N2w4b1r2.txt ,12
N2w4b1r3.txt ,12
N2w4b1r4.txt ,12
N2w4b1r5.txt ,12
N2w4b1r6.txt ,11
N2w4b1r7.txt ,12
N2w4b1r8.txt ,11
N2w4b1r9.txt ,11
N2w4b2r0.txt ,11
N2w4b2r1.txt ,11
N2w4b2r2.txt ,11
N2w4b2r3.txt ,11
N2w4b2r4.txt ,12
N2w4b2r5.txt ,12
N2w4b2r6.txt ,12
N2w4b2r7.txt ,11
N2w4b2r8.txt ,12
N2w4b2r9.txt ,11
N2w4b3r0.txt ,12
N2w4b3r1.txt ,12
N2w4b3r2.txt ,12
N2w4b3r3.txt ,11
N2w4b3r4.txt ,12
N2w4b3r5.txt ,10
N2w4b3r6.txt ,11
N2w4b3r7.txt ,11
N2w4b3r8.txt ,11
N2w4b3r9.txt ,12
N3w1b1r0.txt ,67
N3w1b1r1.txt ,67
N3w1b1r2.txt ,67
N3w1b1r3.txt ,67
N3w1b1r4.txt ,67
N3w1b1r5.txt ,67
N3w1b1r6.txt ,68
N3w1b1r7.txt ,67
N3w1b1r8.txt ,67
N3w1b1r9.txt ,67
N3w1b2r0.txt ,67
N3w1b2r1.txt ,68
N3w1b2r2.txt ,65
N3w1b2r3.txt ,65
N3w1b2r4.txt ,68
N3w1b2r5.txt ,65
N3w1b2r6.txt ,66
N3w1b2r7.txt ,66
N3w1b2r8.txt ,66
N3w1b2r9.txt ,66
N3w1b3r0.txt ,68
N3w1b3r1.txt ,66
N3w1b3r2.txt ,67
N3w1b3r3.txt ,66
N3w1b3r4.txt ,68
N3w1b3r5.txt ,65
N3w1b3r6.txt ,66
N3w1b3r7.txt ,61
N3w1b3r8.txt ,65
N3w1b3r9.txt ,70
N3w2b1r0.txt ,41
N3w2b1r1.txt ,41
N3w2b1r2.txt ,41
N3w2b1r3.txt ,41
N3w2b1r4.txt ,40
N3w2b1r5.txt ,41
N3w2b1r6.txt ,41
N3w2b1r7.txt ,41
N3w2b1r8.txt ,40
N3w2b1r9.txt ,41
N3w2b2r0.txt ,40
N3w2b2r1.txt ,40
N3w2b2r2.txt ,39
N3w2b2r3.txt ,39
N3w2b2r4.txt ,41
N3w2b2r5.txt ,40
N3w2b2r6.txt ,40
N3w2b2r7.txt ,40
N3w2b2r8.txt ,42
N3w2b2r9.txt ,40
N3w2b3r0.txt ,42
N3w2b3r1.txt ,40
N3w2b3r2.txt ,39
N3w2b3r3.txt ,39
N3w2b3r4.txt ,42
N3w2b3r5.txt ,40
N3w2b3r6.txt ,40
N3w2b3r7.txt ,42
N3w2b3r8.txt ,39
N3w2b3r9.txt ,39
N3w3b1r0.txt ,28
N3w3b1r1.txt ,28
N3w3b1r2.txt ,29
N3w3b1r3.txt ,29
N3w3b1r4.txt ,29
N3w3b1r5.txt ,29
N3w3b1r6.txt ,29
N3w3b1r7.txt ,29
N3w3b1r8.txt ,29
N3w3b1r9.txt ,29
N3w3b2r0.txt ,29
N3w3b2r1.txt ,29
N3w3b2r2.txt ,28
N3w3b2r3.txt ,29
N3w3b2r4.txt ,30
N3w3b2r5.txt ,29
N3w3b2r6.txt ,29
N3w3b2r7.txt ,28
N3w3b2r8.txt ,28
N3w3b2r9.txt ,29
N3w3b3r0.txt ,27
N3w3b3r1.txt ,27
N3w3b3r2.txt ,29
N3w3b3r3.txt ,29
N3w3b3r4.txt ,29
N3w3b3r5.txt ,28
N3w3b3r6.txt ,29
N3w3b3r7.txt ,28
N3w3b3r8.txt ,29
N3w3b3r9.txt ,29
N3w4b1r0.txt ,23
N3w4b1r1.txt ,23
N3w4b1r2.txt ,23
N3w4b1r3.txt ,23
N3w4b1r4.txt ,23
N3w4b1r5.txt ,23
N3w4b1r6.txt ,23
N3w4b1r7.txt ,23
N3w4b1r8.txt ,23
N3w4b1r9.txt ,23
N3w4b2r0.txt ,23
N3w4b2r1.txt ,22
N3w4b2r2.txt ,22
N3w4b2r3.txt ,22
N3w4b2r4.txt ,22
N3w4b2r5.txt ,23
N3w4b2r6.txt ,22
N3w4b2r7.txt ,22
N3w4b2r8.txt ,23
N3w4b2r9.txt ,22
N3w4b3r0.txt ,24
N3w4b3r1.txt ,22
N3w4b3r2.txt ,23
N3w4b3r3.txt ,24
N3w4b3r4.txt ,23
N3w4b3r5.txt ,23
N3w4b3r6.txt ,23
N3w4b3r7.txt ,21
N3w4b3r8.txt ,23
N3w4b3r9.txt ,23
N4w1b1r0.txt ,167
N4w1b1r1.txt ,167
N4w1b1r2.txt ,167
N4w1b1r3.txt ,167
N4w1b1r4.txt ,167
N4w1b1r5.txt ,167
N4w1b1r6.txt ,167
N4w1b1r7.txt ,167
N4w1b1r8.txt ,167
N4w1b1r9.txt ,168
N4w1b2r0.txt ,164
N4w1b2r1.txt ,170
N4w1b2r2.txt ,164
N4w1b2r3.txt ,166
N4w1b2r4.txt ,165
N4w1b2r5.txt ,161
N4w1b2r6.txt ,168
N4w1b2r7.txt ,168
N4w1b2r8.txt ,167
N4w1b2r9.txt ,169
N4w1b3r0.txt ,166
N4w1b3r1.txt ,171
N4w1b3r2.txt ,172
N4w1b3r3.txt ,170
N4w1b3r4.txt ,158
N4w1b3r5.txt ,162
N4w1b3r6.txt ,169
N4w1b3r7.txt ,163
N4w1b3r8.txt ,170
N4w1b3r9.txt ,162
N4w2b1r0.txt ,101
N4w2b1r1.txt ,101
N4w2b1r2.txt ,101
N4w2b1r3.txt ,100
N4w2b1r4.txt ,101
N4w2b1r5.txt ,103
N4w2b1r6.txt ,102
N4w2b1r7.txt ,101
N4w2b1r8.txt ,101
N4w2b1r9.txt ,101
N4w2b2r0.txt ,101
N4w2b2r1.txt ,100
N4w2b2r2.txt ,102
N4w2b2r3.txt ,102
N4w2b2r4.txt ,100
N4w2b2r5.txt ,102
N4w2b2r6.txt ,103
N4w2b2r7.txt ,101
N4w2b2r8.txt ,100
N4w2b2r9.txt ,102
N4w2b3r0.txt ,101
N4w2b3r1.txt ,101
N4w2b3r2.txt ,100
N4w2b3r3.txt ,100
N4w2b3r4.txt ,100
N4w2b3r5.txt ,101
N4w2b3r6.txt ,99
N4w2b3r7.txt ,101
N4w2b3r8.txt ,99
N4w2b3r9.txt ,102
N4w3b1r0.txt ,71
N4w3b1r1.txt ,71
N4w3b1r2.txt ,71
N4w3b1r3.txt ,71
N4w3b1r4.txt ,71
N4w3b1r5.txt ,71
N4w3b1r6.txt ,71
N4w3b1r7.txt ,71
N4w3b1r8.txt ,71
N4w3b1r9.txt ,71
N4w3b2r0.txt ,71
N4w3b2r1.txt ,71
N4w3b2r2.txt ,71
N4w3b2r3.txt ,71
N4w3b2r4.txt ,73
N4w3b2r5.txt ,72
N4w3b2r6.txt ,71
N4w3b2r7.txt ,70
N4w3b2r8.txt ,72
N4w3b2r9.txt ,70
N4w3b3r0.txt ,72
N4w3b3r1.txt ,71
N4w3b3r2.txt ,72
N4w3b3r3.txt ,71
N4w3b3r4.txt ,73
N4w3b3r5.txt ,73
N4w3b3r6.txt ,73
N4w3b3r7.txt ,74
N4w3b3r8.txt ,72
N4w3b3r9.txt ,71
N4w4b1r0.txt ,56
N4w4b1r1.txt ,56
N4w4b1r2.txt ,56
N4w4b1r3.txt ,56
N4w4b1r4.txt ,56
N4w4b1r5.txt ,56
N4w4b1r6.txt ,56
N4w4b1r7.txt ,56
N4w4b1r8.txt ,56
N4w4b1r9.txt ,55
N4w4b2r0.txt ,55
N4w4b2r1.txt ,57
N4w4b2r2.txt ,57
N4w4b2r3.txt ,57
N4w4b2r4.txt ,56
N4w4b2r5.txt ,55
N4w4b2r6.txt ,56
N4w4b2r7.txt ,57
N4w4b2r8.txt ,55
N4w4b2r9.txt ,56
N4w4b3r0.txt ,55
N4w4b3r1.txt ,54
N4w4b3r2.txt ,57
N4w4b3r3.txt ,56
N4w4b3r4.txt ,55
N4w4b3r5.txt ,55
N4w4b3r6.txt ,58
N4w4b3r7.txt ,57
N4w4b3r8.txt ,57
N4w4b3r9.txt ,56
Hard0.txt ,56
Hard1.txt ,57
Hard2.txt ,56
Hard3.txt ,55
Hard4.txt ,57
Hard5.txt ,56
Hard6.txt ,57
Hard7.txt ,55
Hard8.txt ,57
Hard9.txt ,56
t60_00.txt ,20
t60_01.txt ,20
t60_02.txt ,20
t60_03.txt ,20
t60_04.txt ,20
t60_05.txt ,20
t60_06.txt ,20
t60_07.txt ,20
t60_08.txt ,20
t60_09.txt ,20
t60_10.txt ,20
t60_11.txt ,20
t60_12.txt ,20
t60_13.txt ,20
t60_14.txt ,20
t60_15.txt ,20
t60_16.txt ,20
t60_17.txt ,20
t60_18.txt ,20
t60_19.txt ,20
t120_00.txt ,40
t120_01.txt ,40
t120_02.txt ,40
t120_03.txt ,40
t120_04.txt ,40
t120_05.txt ,40
t120_06.txt ,40
t120_07.txt ,40
t120_08.txt ,40
t120_09.txt ,40
t120_10.txt ,40
t120_11.txt ,40
t120_12.txt ,40
t120_13.txt ,40
t120_14.txt ,40
t120_15.txt ,40
t120_16.txt ,40
t120_17.txt ,40
t120_18.txt ,40
t120_19.txt ,40
t249_00.txt ,83
t249_01.txt ,83
t249_02.txt ,83
t249_03.txt ,83
t249_04.txt ,83
t249_05.txt ,83
t249_06.txt ,83
t249_07.txt ,83
t249_08.txt ,83
t249_09.txt ,83
t249_10.txt ,83
t249_11.txt ,83
t249_12.txt ,83
t249_13.txt ,83
t249_14.txt ,83
t249_15.txt ,83
t249_16.txt ,83
t249_17.txt ,83
t249_18.txt ,83
t249_19.txt ,83
t501_00.txt ,167
t501_01.txt ,167
t501_02.txt ,167
t501_03.txt ,167
t501_04.txt ,167
t501_05.txt ,167
t501_06.txt ,167
t501_07.txt ,167
t501_08.txt ,167
t501_09.txt ,167
t501_10.txt ,167
t501_11.txt ,167
t501_12.txt ,167
t501_13.txt ,167
t501_14.txt ,167
t501_15.txt ,167
t501_16.txt ,167
t501_17.txt ,167
t501_18.txt ,167
t501_19.txt ,167
u120_00.txt ,48
u120_01.txt ,49
u120_02.txt ,46
u120_03.txt ,49
u120_04.txt ,50
u120_05.txt ,48
u120_06.txt ,48
u120_07.txt ,49
u120_08.txt ,50
u120_09.txt ,46
u120_10.txt ,52
u120_11.txt ,49
u120_12.txt ,48
u120_13.txt ,49
u120_14.txt ,50
u120_15.txt ,48
u120_16.txt ,52
u120_17.txt ,52
u120_18.txt ,49
u120_19.txt ,49
u250_00.txt ,99
u250_01.txt ,100
u250_02.txt ,102
u250_03.txt ,100
u250_04.txt ,101
u250_05.txt ,101
u250_06.txt ,102
u250_07.txt ,103
u250_08.txt ,105
u250_09.txt ,101
u250_10.txt ,105
u250_11.txt ,101
u250_12.txt ,105
u250_13.txt ,103
u250_14.txt ,100
u250_15.txt ,105
u250_16.txt ,97
u250_17.txt ,100
u250_18.txt ,100
u250_19.txt ,102
u500_00.txt ,198
u500_01.txt ,201
u500_02.txt ,202
u500_03.txt ,204
u500_04.txt ,206
u500_05.txt ,206
u500_06.txt ,207
u500_07.txt ,204
u500_08.txt ,196
u500_09.txt ,202
u500_10.txt ,200
u500_11.txt ,200
u500_12.txt ,199
u500_13.txt ,196
u500_14.txt ,204
u500_15.txt ,201
u500_16.txt ,202
u500_17.txt ,198
u500_18.txt ,202
u500_19.txt ,196
u1000_00.txt ,399
u1000_01.txt ,406
u1000_02.txt ,411
u1000_03.txt ,411
u1000_04.txt ,397
u1000_05.txt ,399
u1000_06.txt ,395
u1000_07.txt ,404
u1000_08.txt ,399
u1000_09.txt ,397
u1000_10.txt ,400
u1000_11.txt ,401
u1000_12.txt ,393
u1000_13.txt ,396
u1000_14.txt ,394
u1000_15.txt ,402
u1000_16.txt ,404
u1000_17.txt ,404
u1000_18.txt ,399
u1000_19.txt ,400
hBPP14.txt ,62
hBPP832.txt ,60
hBPP40.txt ,59
hBPP360.txt ,62
hBPP645.txt ,58
hBPP742.txt ,64
hBPP766.txt ,62
hBPP60.txt ,63
hBPP13.txt ,67
hBPP195.txt ,64
hBPP709.txt ,67
hBPP785.txt ,68
hBPP47.txt ,71
hBPP181.txt ,72
hBPP359.txt ,76
hBPP485.txt ,71
hBPP640.txt ,74
hBPP716.txt ,76
hBPP119.txt ,77
hBPP144.txt ,73
hBPP561.txt ,72
hBPP781.txt ,71
hBPP900.txt ,75
hBPP175.txt ,84
hBPP178.txt ,80
hBPP419.txt ,80
hBPP531.txt ,83
hBPP814.txt ,81
BPP1.txt ,18
BPP2.txt ,18
BPP3.txt ,18
BPP4.txt ,18
BPP5.txt ,18
BPP6.txt ,18
BPP7.txt ,18
BPP8.txt ,18
BPP9.txt ,18
BPP10.txt ,18
BPP11.txt ,18
BPP12.txt ,18
BPP13.txt ,18
BPP14.txt ,18
BPP15.txt ,18
BPP16.txt ,18
BPP17.txt ,18
BPP18.txt ,18
BPP19.txt ,18
BPP20.txt ,18
BPP21.txt ,18
BPP22.txt ,18
BPP23.txt ,18
BPP24.txt ,18
BPP25.txt ,18
BPP26.txt ,18
BPP27.txt ,18
BPP28.txt ,18
BPP29.txt ,18
BPP30.txt ,18
BPP31.txt ,18
BPP32.txt ,18
BPP33.txt ,18
BPP34.txt ,18
BPP35.txt ,18
BPP36.txt ,18
BPP37.txt ,18
BPP38.txt ,18
BPP39.txt ,18
BPP40.txt ,18
BPP41.txt ,18
BPP42.txt ,18
BPP43.txt ,18
BPP44.txt ,18
BPP45.txt ,18
BPP46.txt ,18
BPP47.txt ,18
BPP48.txt ,18
BPP49.txt ,18
BPP50.txt ,18
BPP51.txt ,18
BPP52.txt ,18
BPP53.txt ,18
BPP54.txt ,18
BPP55.txt ,18
BPP56.txt ,18
BPP57.txt ,18
BPP58.txt ,18
BPP59.txt ,18
BPP60.txt ,18
BPP61.txt ,18
BPP62.txt ,18
BPP63.txt ,18
BPP64.txt ,18
BPP65.txt ,18
BPP66.txt ,18
BPP67.txt ,18
BPP68.txt ,18
BPP69.txt ,18
BPP70.txt ,18
BPP71.txt ,18
BPP72.txt ,18
BPP73.txt ,18
BPP74.txt ,18
BPP75.txt ,18
BPP76.txt ,18
BPP77.txt ,18
BPP78.txt ,18
BPP79.txt ,18
BPP80.txt ,18
BPP81.txt ,18
BPP82.txt ,18
BPP83.txt ,18
BPP84.txt ,18
BPP85.txt ,18
BPP86.txt ,18
BPP87.txt ,18
BPP88.txt ,18
BPP89.txt ,18
BPP90.txt ,18
BPP91.txt ,18
BPP92.txt ,18
BPP93.txt ,18
BPP94.txt ,18
BPP95.txt ,18
BPP96.txt ,18
BPP97.txt ,18
BPP98.txt ,18
BPP99.txt ,18
BPP100.txt ,18
BPP_1.txt ,22
BPP_2.txt ,22
BPP_3.txt ,22
BPP_4.txt ,22
BPP_5.txt ,22
BPP_6.txt ,22
BPP_7.txt ,22
BPP_8.txt ,21
BPP_9.txt ,22
BPP_10.txt ,21
BPP_11.txt ,22
BPP_12.txt ,22
BPP_13.txt ,22
BPP_14.txt ,22
BPP_15.txt ,22
BPP_16.txt ,22
BPP_17.txt ,22
BPP_18.txt ,22
BPP_19.txt ,22
BPP_20.txt ,22
BPP_21.txt ,22
BPP_22.txt ,22
BPP_23.txt ,22
BPP_24.txt ,22
BPP_25.txt ,22
BPP_26.txt ,22
BPP_27.txt ,21
BPP_28.txt ,22
BPP_29.txt ,21
BPP_30.txt ,22
BPP_31.txt ,22
BPP_32.txt ,22
BPP_33.txt ,22
BPP_34.txt ,22
BPP_35.txt ,22
BPP_36.txt ,22
BPP_37.txt ,22
BPP_38.txt ,22
BPP_39.txt ,22
BPP_40.txt ,22
BPP_41.txt ,22
BPP_42.txt ,22
BPP_43.txt ,22
BPP_44.txt ,22
BPP_45.txt ,22
BPP_46.txt ,22
BPP_47.txt ,22
BPP_48.txt ,22
BPP_49.txt ,22
BPP_50.txt ,22
BPP_51.txt ,22
BPP_52.txt ,22
BPP_53.txt ,22
BPP_54.txt ,22
BPP_55.txt ,22
BPP_56.txt ,21
BPP_57.txt ,22
BPP_58.txt ,22
BPP_59.txt ,22
BPP_60.txt ,22
BPP_61.txt ,22
BPP_62.txt ,22
BPP_63.txt ,22
BPP_64.txt ,22
BPP_65.txt ,22
BPP_66.txt ,22
BPP_67.txt ,22
BPP_68.txt ,22
BPP_69.txt ,22
BPP_70.txt ,22
BPP_71.txt ,21
BPP_72.txt ,22
BPP_73.txt ,22
BPP_74.txt ,22
BPP_75.txt ,22
BPP_76.txt ,22
BPP_77.txt ,22
BPP_78.txt ,22
BPP_79.txt ,21
BPP_80.txt ,22
BPP_81.txt ,22
BPP_82.txt ,22
BPP_83.txt ,22
BPP_84.txt ,22
BPP_85.txt ,22
BPP_86.txt ,22
BPP_87.txt ,22
BPP_88.txt ,22
BPP_89.txt ,22
BPP_90.txt ,22
BPP_91.txt ,22
BPP_92.txt ,22
BPP_93.txt ,22
BPP_94.txt ,22
BPP_95.txt ,22
BPP_96.txt ,22
BPP_97.txt ,22
BPP_98.txt ,21
BPP_99.txt ,22
BPP_100.txt ,22
TEST0022.txt ,15
TEST0065.txt ,16
TEST0097.txt ,12
TEST0058.txt ,20
TEST0055a.txt ,15
TEST0049.txt ,11
TEST0075.txt ,13
TEST0054.txt ,14
TEST0068.txt ,12
TEST0014.txt ,23
TEST0082.txt ,24
TEST0044.txt ,14
TEST0030.txt ,27
TEST0005.txt ,28
TEST0095.txt ,16
TEST0055b.txt ,20
TEST0084.txt ,16
